{"cameraMode":{"drawMode":0,"name":"Shaded","section":"Shading Mode"},"sceneLighting":true,"audioPlay":false,"sceneViewState":{"m_AlwaysRefresh":false,"showFog":true,"showSkybox":true,"showFlares":true,"showImageEffects":true,"showParticleSystems":true,"showVisualEffectGraphs":true,"m_FxEnabled":true},"in2DMode":false,"pivot":{"x":0.23916049301624299,"y":0.19063015282154084,"z":-0.1823791265487671},"rotation":{"x":0.05957312509417534,"y":-0.9317392706871033,"z":0.17880779504776,"w":0.31043657660484316},"size":9.939372062683106,"orthographic":true}